problem,test,evidence_status,result_or_report,source,missing_evidence,retrospective
P1,정상/없음/일부 가림,원본 확인(노트북),3장면,results/logs/perception/log.csv,최신 Pi 같은 설정 재확인,카메라 입력 안정성·최종 버전 확인 필요
P1/P4,사람 대조 검출률,원본 확인(노트북),100.0% (30/30),results/logs/perception/eval_visible_20261006_104850.csv,최신 Pi 판정 원본,노트북 결과를 Pi 전체 시스템으로 대체 불가
P1/P4,배경 오검출,원본 확인(노트북),0/10,results/logs/perception/eval_empty_20261006_104942.csv,최신 Pi 동일 배경 평가,동일
P4,인지 처리 FPS,원본 확인(노트북),약30.03,results/logs/perception/perception_node_20261006_1043.log,Pi 폐루프 측정 구간,195개 로그 창 표기 구간 합 기준
P2,인지/제어 DRY 입력,원본 확인(이전 Pi DRY),7입력,results/logs/control/ros_repository_dry_20261006_170913/test_notes.md,최신 commit 재검증,소스/업로드/실행 버전 연결 부족
P3,2축 단일 명령 방향,원본 확인(이전 OpenCR LIVE),6케이스,results/logs/opencr/integration_live_20261006_141057/test_notes.md,카메라 폐루프 오차 감소,당시 ROS/카메라 미연결
P3,Kp A/B 각3회,팀원 보고;필수증빙 부족,Pan0.05/0.10 Tilt0.10,results/verification_sources/team_pr_and_retrospective.md,6회 CSV·동일조건·그래프·commit,원본 최근 archive/진행문서 미제공
P4,정상추적30초,증거 부족,,results/verification_sources/team_pr_and_retrospective.md,30초 영상·추적 CSV·설정,BOOT/ARM/중립/LIMIT/USB 회고; 최신 성공 보고는 있음
P4,Pi RMSE/유효 추적 비율,산출 불가,,,Pi 폐루프 추적 CSV,측정 데이터 미제공
P4,2초가림5회·복구시간/성공률,팀원 복귀 보고;정량증거 부족,,results/verification_sources/team_pr_and_retrospective.md,5회 재등장/복귀시각·영상·실패회차,LIMIT의 DISARM과 목표소실 복귀를 구분할 기록 부족
P4,target 입력 중단 실기,이전 DRY 부분 근거,,results/logs/control/serial_usb_seven_20261006_195242/test_notes.md,최신 LIVE 중단/정지시각·물리관찰,인지 TRACKING만으로 ARM 상태 보장 안 됨
P4,제어 통신 중단 보드 정지,이전 보드 단독 부분 근거,TIMEOUT/STOPPED/VEL0,results/logs/opencr/integration_live_20261006_141057/both.log,최신 ROS 경유 중단·물리정지,보드 보고시각은 물리 정지시간 아님
P3/P4,최신 origin/limit/reversible stop,버전 판정 보류,,results/verification_sources/노드 실행시 모터가 안돌아갔던 이슈 회고록.md,최종 commit·펌웨어 업로드·실행 로그,3270103/be2cf59/98d8684 회고와 통합 PR 설명 혼재
P5,성공/소실 bag 및 다른 팀원 재현,증거 부족,,recordings/README.md,bag 파일·metadata·hash·재생결과·확인자,기능 구현 보고만으로 재현 성공 판정 불가
