monotonic_sec,direction,line
8048.072601243,TX,STATUS
8048.118748106,RX,"STATE BOOT MODE=DRY ARMED=0 GOAL=0,0 POS=0,0 VEL=0,0 TORQUE=0,0 AGE_MS=1812 T_MS=1812"
8048.151876841,TX,CHECK
8048.153646571,RX,CHECK_OK BOTH_TORQUES_OFF
8048.153781904,TX,HOLD
8048.163662088,RX,ACK HOLD ZERO_REQUESTED
8048.263645733,RX,EVENT STOPPED TORQUE_RETAINED
8048.263790195,TX,STATUS
8048.274089988,RX,"STATE DISARMED MODE=DRY ARMED=0 GOAL=0,0 POS=3078,4096 VEL=0,0 TORQUE=1,1 AGE_MS=10 T_MS=2004"
8048.291501313,TX,ARM
8048.294185501,RX,ACK ARM
8048.294334408,TX,STATUS
8048.303840983,RX,"STATE ARMED MODE=DRY ARMED=1 GOAL=0,0 POS=3078,4096 VEL=0,0 TORQUE=1,1 AGE_MS=0 T_MS=2034"
8048.304161333,TX,VEL 0.000000 0.000000
8048.313815851,RX,ACK VEL
8048.325044082,TX,VEL 0.000000 0.000000
8048.333783328,RX,ACK VEL
8048.343536531,TX,VEL 0.000000 0.000000
8048.353748546,RX,ACK VEL
8048.374736499,TX,VEL 0.000000 0.000000
8048.3836028,RX,ACK VEL
8048.393688538,TX,VEL -0.040000 0.000000
8048.403972016,RX,ACK VEL
8048.404197107,TX,STATUS
8048.413869144,RX,"STATE ARMED MODE=DRY ARMED=1 GOAL=-2,0 POS=3078,4096 VEL=0,0 TORQUE=1,1 AGE_MS=9 T_MS=2144"
8048.423979234,TX,VEL -0.040000 0.000000
8048.433634474,RX,ACK VEL
8048.445881182,TX,VEL 0.040000 0.000000
8048.453491008,RX,ACK VEL
8048.474431017,TX,VEL 0.040000 0.000000
8048.483654686,RX,ACK VEL
8048.503657756,TX,VEL 0.040000 0.000000
8048.513963826,RX,ACK VEL
8048.514211065,TX,STATUS
8048.523548789,RX,"STATE ARMED MODE=DRY ARMED=1 GOAL=2,0 POS=3078,4096 VEL=2,0 TORQUE=1,1 AGE_MS=11 T_MS=2254"
8048.523748177,TX,VEL 0.040000 0.000000
8048.533789637,RX,ACK VEL
8048.564116685,TX,VEL 0.000000 0.040000
8048.574566865,RX,ACK VEL
8048.574800141,TX,VEL 0.000000 0.040000
8048.58394157,RX,ACK VEL
8048.613606973,TX,VEL 0.000000 0.040000
8048.623777451,RX,ACK VEL
8048.623939858,TX,STATUS
8048.633695376,RX,"STATE ARMED MODE=DRY ARMED=1 GOAL=0,2 POS=3078,4096 VEL=0,2 TORQUE=1,1 AGE_MS=8 T_MS=2363"
8048.633924874,TX,VEL 0.000000 0.040000
8048.643651189,RX,ACK VEL
8048.664818659,TX,VEL 0.000000 -0.040000
8048.673644367,RX,ACK VEL
8048.673809459,TX,VEL 0.000000 -0.040000
8048.683998141,RX,ACK VEL
8048.723658246,TX,VEL 0.000000 -0.040000
8048.733914779,RX,ACK VEL
8048.734112333,TX,STATUS
8048.74398548,RX,"STATE ARMED MODE=DRY ARMED=1 GOAL=0,-2 POS=3078,4096 VEL=0,-2 TORQUE=1,1 AGE_MS=11 T_MS=2474"
8048.774382323,TX,VEL 0.000000 -0.040000
8048.783953175,RX,ACK VEL
8048.784175619,TX,STOP
8048.793629138,RX,ACK STOP ZERO_REQUESTED
8048.793773248,TX,STATUS
8048.804211707,RX,"STATE STOPPING MODE=DRY ARMED=1 GOAL=0,0 POS=3078,4096 VEL=0,-2 TORQUE=1,1 AGE_MS=19 T_MS=2534"
8048.814221038,TX,STATUS
8048.824630867,RX,"STATE STOPPING MODE=DRY ARMED=1 GOAL=0,0 POS=3078,4096 VEL=0,0 TORQUE=1,1 AGE_MS=18 T_MS=2553"
8048.844118606,TX,STATUS
8048.853575144,RX,"STATE STOPPING MODE=DRY ARMED=1 GOAL=0,0 POS=3078,4096 VEL=0,0 TORQUE=1,1 AGE_MS=8 T_MS=2584"
8048.873754861,TX,STATUS
8048.883560434,RX,"STATE STOPPING MODE=DRY ARMED=1 GOAL=0,0 POS=3078,4096 VEL=0,0 TORQUE=1,1 AGE_MS=18 T_MS=2614"
8048.903772114,RX,EVENT STOPPED TORQUE_RETAINED
8048.903937668,TX,STATUS
8048.914145369,RX,"STATE ARMED MODE=DRY ARMED=1 GOAL=0,0 POS=3078,4096 VEL=0,0 TORQUE=1,1 AGE_MS=7 T_MS=2643"
8048.923926516,TX,STOP
8048.933535312,RX,ACK STOP ZERO_REQUESTED
8048.933678145,TX,STATUS
8048.94392129,RX,"STATE STOPPING MODE=DRY ARMED=1 GOAL=0,0 POS=3078,4096 VEL=0,0 TORQUE=1,1 AGE_MS=16 T_MS=2673"
8048.953853158,TX,STATUS
8048.963777731,RX,"STATE STOPPING MODE=DRY ARMED=1 GOAL=0,0 POS=3078,4096 VEL=0,0 TORQUE=1,1 AGE_MS=16 T_MS=2694"
8048.984847831,TX,STATUS
8048.993538318,RX,"STATE STOPPING MODE=DRY ARMED=1 GOAL=0,0 POS=3078,4096 VEL=0,0 TORQUE=1,1 AGE_MS=6 T_MS=2724"
8049.014086663,TX,STATUS
8049.024435955,RX,"STATE STOPPING MODE=DRY ARMED=1 GOAL=0,0 POS=3078,4096 VEL=0,0 TORQUE=1,1 AGE_MS=16 T_MS=2754"
8049.043603363,RX,EVENT STOPPED TORQUE_RETAINED
8049.043745954,TX,STATUS
8049.053917414,RX,"STATE ARMED MODE=DRY ARMED=1 GOAL=0,0 POS=3078,4096 VEL=0,0 TORQUE=1,1 AGE_MS=6 T_MS=2784"
8049.054186468,TX,STOP
8049.063928542,RX,ACK STOP ZERO_REQUESTED
8049.06415817,TX,STATUS
8049.073698393,RX,"STATE STOPPING MODE=DRY ARMED=1 GOAL=0,0 POS=3078,4096 VEL=0,0 TORQUE=1,1 AGE_MS=6 T_MS=2804"
8049.09356526,TX,STATUS
8049.103993514,RX,"STATE STOPPING MODE=DRY ARMED=1 GOAL=0,0 POS=3078,4096 VEL=0,0 TORQUE=1,1 AGE_MS=14 T_MS=2833"
8049.113923161,TX,STATUS
8049.123648642,RX,"STATE STOPPING MODE=DRY ARMED=1 GOAL=0,0 POS=3078,4096 VEL=0,0 TORQUE=1,1 AGE_MS=15 T_MS=2854"
8049.146348844,TX,STATUS
8049.153874467,RX,"STATE STOPPING MODE=DRY ARMED=1 GOAL=0,0 POS=3078,4096 VEL=0,0 TORQUE=1,1 AGE_MS=7 T_MS=2886"
8049.164107445,RX,EVENT STOPPED TORQUE_RETAINED
8049.17459194,TX,STATUS
8049.183841757,RX,"STATE ARMED MODE=DRY ARMED=1 GOAL=0,0 POS=3078,4096 VEL=0,0 TORQUE=1,1 AGE_MS=15 T_MS=2914"
8049.184122071,TX,STOP
8049.19427116,RX,ACK STOP ZERO_REQUESTED
8049.203550829,TX,STATUS
8049.214054176,RX,"STATE STOPPING MODE=DRY ARMED=1 GOAL=0,0 POS=3078,4096 VEL=0,0 TORQUE=1,1 AGE_MS=4 T_MS=2943"
8049.224737429,TX,STATUS
8049.233484527,RX,"STATE STOPPING MODE=DRY ARMED=1 GOAL=0,0 POS=3078,4096 VEL=0,0 TORQUE=1,1 AGE_MS=5 T_MS=2964"
8049.253733095,TX,STATUS
8049.263979758,RX,"STATE STOPPING MODE=DRY ARMED=1 GOAL=0,0 POS=3078,4096 VEL=0,0 TORQUE=1,1 AGE_MS=15 T_MS=2994"
8049.283890773,TX,STATUS
8049.293692198,RX,"STATE STOPPING MODE=DRY ARMED=1 GOAL=0,0 POS=3078,4096 VEL=0,0 TORQUE=1,1 AGE_MS=5 T_MS=3024"
8049.304989133,RX,EVENT STOPPED TORQUE_RETAINED
8049.30515365,TX,STATUS
8049.313519213,RX,"STATE ARMED MODE=DRY ARMED=1 GOAL=0,0 POS=3078,4096 VEL=0,0 TORQUE=1,1 AGE_MS=6 T_MS=3045"
8049.313787934,TX,VEL -0.040000 0.000000
8049.323789228,RX,ACK VEL
8049.323959505,TX,VEL -0.040000 0.000000
8049.333937725,RX,ACK VEL
8049.363621609,TX,VEL -0.040000 0.000000
8049.374964155,RX,ACK VEL
8049.375264005,TX,VEL -0.040000 0.000000
8049.383758863,RX,ACK VEL
8049.415887197,TX,STATUS
8049.423493819,RX,"STATE ARMED MODE=DRY ARMED=1 GOAL=-2,0 POS=3078,4096 VEL=-2,0 TORQUE=1,1 AGE_MS=16 T_MS=3155"
8049.423684411,TX,VEL -0.040000 0.000000
8049.433947574,RX,ACK VEL
8049.474304156,TX,VEL -0.040000 0.000000
8049.483940971,RX,ACK VEL
8049.524255238,TX,STATUS
8049.533779757,RX,"STATE ARMED MODE=DRY ARMED=1 GOAL=-2,0 POS=3078,4096 VEL=-2,0 TORQUE=1,1 AGE_MS=4 T_MS=3263"
8049.534076885,TX,VEL -0.040000 0.000000
8049.543956013,RX,ACK VEL
8049.574539041,TX,VEL -0.040000 0.000000
8049.58361384,RX,ACK VEL
8049.623626535,TX,VEL -0.040000 0.000000
8049.63404279,RX,ACK VEL
8049.634231381,TX,STATUS
8049.643751845,RX,"STATE ARMED MODE=DRY ARMED=1 GOAL=-2,0 POS=3078,4096 VEL=-2,0 TORQUE=1,1 AGE_MS=11 T_MS=3374"
8049.67411904,TX,VEL -0.040000 0.000000
8049.683649467,RX,ACK VEL
8049.724103585,TX,VEL -0.040000 0.000000
8049.733739882,RX,ACK VEL
8049.743691954,TX,STATUS
8049.753861377,RX,"STATE ARMED MODE=DRY ARMED=1 GOAL=-2,0 POS=3078,4096 VEL=-2,0 TORQUE=1,1 AGE_MS=4 T_MS=3483"
8049.77458209,TX,VEL -0.040000 0.000000
8049.78370413,RX,ACK VEL
8049.824307081,TX,VEL -0.040000 0.000000
8049.834129765,RX,ACK VEL
8049.853872633,TX,STATUS
8049.86377178,RX,"STATE ARMED MODE=DRY ARMED=1 GOAL=-2,0 POS=3078,4096 VEL=-2,0 TORQUE=1,1 AGE_MS=14 T_MS=3593"
8049.874228349,TX,VEL -0.040000 0.000000
8049.884106792,RX,ACK VEL
8049.924832538,TX,STOP
8049.933775061,RX,ACK STOP ZERO_REQUESTED
8049.933943171,TX,STATUS
8049.943602782,RX,"STATE STOPPING MODE=DRY ARMED=1 GOAL=0,0 POS=3078,4096 VEL=-2,0 TORQUE=1,1 AGE_MS=15 T_MS=3674"
8049.964081831,TX,STATUS
8049.973946014,RX,"STATE STOPPING MODE=DRY ARMED=1 GOAL=0,0 POS=3078,4096 VEL=0,0 TORQUE=1,1 AGE_MS=3 T_MS=3703"
8049.9938114,TX,STATUS
8050.003746306,RX,"STATE STOPPING MODE=DRY ARMED=1 GOAL=0,0 POS=3078,4096 VEL=0,0 TORQUE=1,1 AGE_MS=14 T_MS=3734"
8050.014076653,TX,STATUS
8050.023718413,RX,"STATE STOPPING MODE=DRY ARMED=1 GOAL=0,0 POS=3078,4096 VEL=0,0 TORQUE=1,1 AGE_MS=13 T_MS=3754"
8050.043729945,RX,EVENT STOPPED TORQUE_RETAINED
8050.043883648,TX,STATUS
8050.054158404,RX,"STATE ARMED MODE=DRY ARMED=1 GOAL=0,0 POS=3078,4096 VEL=0,0 TORQUE=1,1 AGE_MS=2 T_MS=3783"
8050.07428638,TX,STOP
8050.083818159,RX,ACK STOP ZERO_REQUESTED
8050.083985028,TX,STATUS
8050.09378699,RX,"STATE STOPPING MODE=DRY ARMED=1 GOAL=0,0 POS=3078,4096 VEL=0,0 TORQUE=1,1 AGE_MS=3 T_MS=3824"
8050.11397554,TX,STATUS
8050.123945335,RX,"STATE STOPPING MODE=DRY ARMED=1 GOAL=0,0 POS=3078,4096 VEL=0,0 TORQUE=1,1 AGE_MS=13 T_MS=3854"
8050.143992941,TX,STATUS
8050.153683644,RX,"STATE STOPPING MODE=DRY ARMED=1 GOAL=0,0 POS=3078,4096 VEL=0,0 TORQUE=1,1 AGE_MS=2 T_MS=3883"
8050.174835078,TX,STATUS
8050.183727712,RX,"STATE STOPPING MODE=DRY ARMED=1 GOAL=0,0 POS=3078,4096 VEL=0,0 TORQUE=1,1 AGE_MS=13 T_MS=3914"
8050.18391497,RX,EVENT STOPPED TORQUE_RETAINED
8050.203882651,TX,STATUS
8050.21368991,RX,"STATE ARMED MODE=DRY ARMED=1 GOAL=0,0 POS=3078,4096 VEL=0,0 TORQUE=1,1 AGE_MS=3 T_MS=3944"
8050.224271015,TX,STOP
8050.233778942,RX,ACK STOP ZERO_REQUESTED
8050.233969404,TX,STATUS
8050.243529978,RX,"STATE STOPPING MODE=DRY ARMED=1 GOAL=0,0 POS=3078,4096 VEL=0,0 TORQUE=1,1 AGE_MS=12 T_MS=3973"
8050.263862194,TX,STATUS
8050.27433843,RX,"STATE STOPPING MODE=DRY ARMED=1 GOAL=0,0 POS=3078,4096 VEL=0,0 TORQUE=1,1 AGE_MS=3 T_MS=4004"
8050.293953095,TX,STATUS
8050.30373739,RX,"STATE STOPPING MODE=DRY ARMED=1 GOAL=0,0 POS=3078,4096 VEL=0,0 TORQUE=1,1 AGE_MS=12 T_MS=4033"
8050.324068106,TX,STATUS
8050.333817902,RX,"STATE STOPPING MODE=DRY ARMED=1 GOAL=0,0 POS=3078,4096 VEL=0,0 TORQUE=1,1 AGE_MS=3 T_MS=4064"
8050.343815622,RX,EVENT STOPPED TORQUE_RETAINED
8050.353527492,TX,STATUS
8050.363513471,RX,"STATE ARMED MODE=DRY ARMED=1 GOAL=0,0 POS=3078,4096 VEL=0,0 TORQUE=1,1 AGE_MS=12 T_MS=4093"
8050.363698155,TX,VEL -0.040000 0.000000
8050.375219052,RX,ACK VEL
8050.375474662,TX,VEL -0.040000 0.000000
8050.383762595,RX,ACK VEL
8050.413689441,TX,VEL -0.040000 0.000000
8050.424628804,RX,ACK VEL
8050.424887728,TX,VEL -0.040000 0.000000
8050.433845769,RX,ACK VEL
8050.453983209,TX,STATUS
8050.463583265,RX,"STATE ARMED MODE=DRY ARMED=1 GOAL=-2,0 POS=3078,4096 VEL=-2,0 TORQUE=1,1 AGE_MS=11 T_MS=4193"
8050.46378606,TX,VEL -0.040000 0.000000
8050.473777872,RX,ACK VEL
8050.47396589,TX,VEL -0.040000 0.000000
8050.483911555,RX,ACK VEL
8050.563648391,TX,STATUS
8050.573584538,RX,"STATE ARMED MODE=DRY ARMED=1 GOAL=-2,0 POS=3078,4096 VEL=-2,0 TORQUE=1,1 AGE_MS=1 T_MS=4304"
8050.623635119,FAULT,ROS_COMMAND_TIMEOUT
8050.623758341,TX,DISARM
8051.153259491,TX,DISARM
