monotonic_sec,stop,pan_rad_s,tilt_rad_s,reason,serial_opened
3702.868922874,True,0.0,0.0,COMMAND_TIMEOUT,False
3702.918736171,True,0.0,0.0,COMMAND_TIMEOUT,False
3702.969885224,True,0.0,0.0,COMMAND_TIMEOUT,False
3703.018664097,True,0.0,0.0,COMMAND_TIMEOUT,False
3703.045558936,True,0.0,0.0,STOP,False
3703.094850419,True,0.0,0.0,STOP,False
3703.144432587,True,0.0,0.0,STOP,False
3703.193990254,True,0.0,0.0,STOP,False
3703.222320294,True,0.0,0.0,STOP,False
3703.244868882,True,0.0,0.0,STOP,False
3703.292267313,True,0.0,0.0,STOP,False
3703.29368257,True,0.0,0.0,STOP,False
3703.343981125,True,0.0,0.0,STOP,False
3703.370346798,False,0.0,0.0,ACCEPTED,False
3703.393858903,False,0.0,0.0,ACCEPTED,False
3703.443958643,False,0.0,0.0,ACCEPTED,False
3703.449364689,False,0.0,0.0,ACCEPTED,False
3703.494513235,False,0.0,0.0,ACCEPTED,False
3703.523127015,False,0.0,0.0,ACCEPTED,False
3703.545384085,False,0.0,0.0,ACCEPTED,False
3703.594821771,False,0.0,0.0,ACCEPTED,False
3703.643917903,False,0.0,0.0,ACCEPTED,False
3703.694983586,False,0.0,0.0,ACCEPTED,False
3703.744984475,False,0.0,0.0,ACCEPTED,False
3703.748579413,False,-0.03999999910593033,0.0,ACCEPTED,False
3703.794068125,False,-0.03999999910593033,0.0,ACCEPTED,False
3703.82040728,False,-0.03999999910593033,0.0,ACCEPTED,False
3703.844290013,False,-0.03999999910593033,0.0,ACCEPTED,False
3703.893440237,False,-0.03999999910593033,0.0,ACCEPTED,False
3703.896176788,False,-0.03999999910593033,0.0,ACCEPTED,False
3703.946752268,False,-0.03999999910593033,0.0,ACCEPTED,False
3703.973344719,False,-0.03999999910593033,0.0,ACCEPTED,False
3703.994374384,False,-0.03999999910593033,0.0,ACCEPTED,False
3704.044093607,False,-0.03999999910593033,0.0,ACCEPTED,False
3704.049683319,False,-0.03999999910593033,0.0,ACCEPTED,False
3704.093975755,False,-0.03999999910593033,0.0,ACCEPTED,False
3704.144707106,False,-0.03999999910593033,0.0,ACCEPTED,False
3704.19455618,False,-0.03999999910593033,0.0,ACCEPTED,False
3704.244485328,False,-0.03999999910593033,0.0,ACCEPTED,False
3704.283091924,False,0.03999999910593033,0.0,ACCEPTED,False
3704.294751254,False,0.03999999910593033,0.0,ACCEPTED,False
3704.345582901,False,0.03999999910593033,0.0,ACCEPTED,False
3704.362890109,False,0.03999999910593033,0.0,ACCEPTED,False
3704.394240218,False,0.03999999910593033,0.0,ACCEPTED,False
3704.442280629,False,0.03999999910593033,0.0,ACCEPTED,False
3704.444761643,False,0.03999999910593033,0.0,ACCEPTED,False
3704.495155457,False,0.03999999910593033,0.0,ACCEPTED,False
3704.521411761,False,0.03999999910593033,0.0,ACCEPTED,False
3704.544483977,False,0.03999999910593033,0.0,ACCEPTED,False
3704.598076396,False,0.03999999910593033,0.0,ACCEPTED,False
3704.646128937,False,0.03999999910593033,0.0,ACCEPTED,False
3704.696642825,False,0.03999999910593033,0.0,ACCEPTED,False
3704.745439309,False,0.03999999910593033,0.0,ACCEPTED,False
3704.796824825,False,0.03999999910593033,0.0,ACCEPTED,False
3704.823713886,False,0.0,0.03999999910593033,ACCEPTED,False
3704.845434235,False,0.0,0.03999999910593033,ACCEPTED,False
3704.89379709,False,0.0,0.03999999910593033,ACCEPTED,False
3704.8964869,False,0.0,0.03999999910593033,ACCEPTED,False
3704.945433939,False,0.0,0.03999999910593033,ACCEPTED,False
3704.973125351,False,0.0,0.03999999910593033,ACCEPTED,False
3704.995760327,False,0.0,0.03999999910593033,ACCEPTED,False
3705.045956086,False,0.0,0.03999999910593033,ACCEPTED,False
3705.050676837,False,0.0,0.03999999910593033,ACCEPTED,False
3705.094203293,False,0.0,0.03999999910593033,ACCEPTED,False
3705.120132579,False,0.0,0.03999999910593033,ACCEPTED,False
3705.143951998,False,0.0,0.03999999910593033,ACCEPTED,False
3705.193879905,False,0.0,0.03999999910593033,ACCEPTED,False
3705.244802533,False,0.0,0.03999999910593033,ACCEPTED,False
3705.294588293,False,0.0,0.03999999910593033,ACCEPTED,False
3705.344764163,False,0.0,0.03999999910593033,ACCEPTED,False
3705.348316934,False,0.0,-0.03999999910593033,ACCEPTED,False
3705.394070628,False,0.0,-0.03999999910593033,ACCEPTED,False
3705.42176728,False,0.0,-0.03999999910593033,ACCEPTED,False
3705.445528162,False,0.0,-0.03999999910593033,ACCEPTED,False
3705.493148907,False,0.0,-0.03999999910593033,ACCEPTED,False
3705.495415755,False,0.0,-0.03999999910593033,ACCEPTED,False
3705.544467275,False,0.0,-0.03999999910593033,ACCEPTED,False
3705.571321041,False,0.0,-0.03999999910593033,ACCEPTED,False
3705.59526657,False,0.0,-0.03999999910593033,ACCEPTED,False
3705.642717149,False,0.0,-0.03999999910593033,ACCEPTED,False
3705.645046756,False,0.0,-0.03999999910593033,ACCEPTED,False
3705.69418898,False,0.0,-0.03999999910593033,ACCEPTED,False
3705.744977275,False,0.0,-0.03999999910593033,ACCEPTED,False
3705.795320737,False,0.0,-0.03999999910593033,ACCEPTED,False
3705.844154054,False,0.0,-0.03999999910593033,ACCEPTED,False
3705.869719952,True,0.0,0.0,STOP,False
3705.895225978,True,0.0,0.0,STOP,False
3705.945165682,True,0.0,0.0,STOP,False
3705.99468222,True,0.0,0.0,STOP,False
3706.043884963,True,0.0,0.0,STOP,False
3706.094096444,True,0.0,0.0,STOP,False
3706.098421362,True,0.0,0.0,STOP,False
3706.145688812,True,0.0,0.0,STOP,False
3706.194308629,True,0.0,0.0,STOP,False
3706.244965554,True,0.0,0.0,STOP,False
3706.294073204,True,0.0,0.0,STOP,False
3706.33179906,True,0.0,0.0,STOP,False
3706.344651351,True,0.0,0.0,STOP,False
3706.394301185,True,0.0,0.0,STOP,False
3706.444082112,True,0.0,0.0,STOP,False
3706.493980834,True,0.0,0.0,STOP,False
3706.544329056,True,0.0,0.0,STOP,False
3706.570968099,False,-0.03999999910593033,0.0,ACCEPTED,False
3706.595145258,False,-0.03999999910593033,0.0,ACCEPTED,False
3706.644231482,False,-0.03999999910593033,0.0,ACCEPTED,False
3706.695274777,False,-0.03999999910593033,0.0,ACCEPTED,False
3706.74404115,False,-0.03999999910593033,0.0,ACCEPTED,False
3706.794409279,False,-0.03999999910593033,0.0,ACCEPTED,False
3706.845098092,False,-0.03999999910593033,0.0,ACCEPTED,False
3706.894680575,False,-0.03999999910593033,0.0,ACCEPTED,False
3706.944625742,False,-0.03999999910593033,0.0,ACCEPTED,False
3706.994205428,False,-0.03999999910593033,0.0,ACCEPTED,False
3707.044745464,False,-0.03999999910593033,0.0,ACCEPTED,False
3707.094179743,True,0.0,0.0,STOP,False
3707.144791983,True,0.0,0.0,STOP,False
3707.194900964,True,0.0,0.0,STOP,False
3707.24506089,True,0.0,0.0,STOP,False
3707.293914485,True,0.0,0.0,STOP,False
3707.344104207,True,0.0,0.0,STOP,False
3707.394344503,True,0.0,0.0,STOP,False
3707.444438818,True,0.0,0.0,STOP,False
3707.49407693,True,0.0,0.0,STOP,False
3707.544908299,True,0.0,0.0,STOP,False
3707.59409319,True,0.0,0.0,STOP,False
3707.644613596,True,0.0,0.0,STOP,False
3707.659571087,True,0.0,0.0,STOP,False
3707.694107264,True,0.0,0.0,STOP,False
3707.733827931,True,0.0,0.0,STOP,False
3707.745159207,True,0.0,0.0,STOP,False
3707.795217651,True,0.0,0.0,STOP,False
3707.810614641,False,-0.03999999910593033,0.0,ACCEPTED,False
3707.845208929,False,-0.03999999910593033,0.0,ACCEPTED,False
3707.882959693,False,-0.03999999910593033,0.0,ACCEPTED,False
3707.925902132,False,-0.03999999910593033,0.0,ACCEPTED,False
3707.944105746,False,-0.03999999910593033,0.0,ACCEPTED,False
3707.960527179,False,-0.03999999910593033,0.0,ACCEPTED,False
3707.994041154,False,-0.03999999910593033,0.0,ACCEPTED,False
3708.044398691,False,-0.03999999910593033,0.0,ACCEPTED,False
3708.094894782,False,-0.03999999910593033,0.0,ACCEPTED,False
3708.145372967,False,-0.03999999910593033,0.0,ACCEPTED,False
3708.318611406,True,0.0,0.0,COMMAND_TIMEOUT,False
3708.368950128,True,0.0,0.0,COMMAND_TIMEOUT,False
3708.41884848,True,0.0,0.0,COMMAND_TIMEOUT,False
3708.468872388,True,0.0,0.0,COMMAND_TIMEOUT,False
3708.51927685,True,0.0,0.0,COMMAND_TIMEOUT,False
3708.568853518,True,0.0,0.0,COMMAND_TIMEOUT,False
3708.618631741,True,0.0,0.0,COMMAND_TIMEOUT,False
3708.66924474,True,0.0,0.0,COMMAND_TIMEOUT,False
3708.718830815,True,0.0,0.0,COMMAND_TIMEOUT,False
3708.768703112,True,0.0,0.0,COMMAND_TIMEOUT,False
3708.818538334,True,0.0,0.0,COMMAND_TIMEOUT,False
3708.869130833,True,0.0,0.0,COMMAND_TIMEOUT,False
3708.918980019,True,0.0,0.0,COMMAND_TIMEOUT,False
3708.968565372,True,0.0,0.0,COMMAND_TIMEOUT,False
3709.018635539,True,0.0,0.0,COMMAND_TIMEOUT,False
3709.068581854,True,0.0,0.0,COMMAND_TIMEOUT,False
3709.118531891,True,0.0,0.0,COMMAND_TIMEOUT,False
3709.168658132,True,0.0,0.0,COMMAND_TIMEOUT,False
3709.21862454,True,0.0,0.0,COMMAND_TIMEOUT,False
3709.268625095,True,0.0,0.0,COMMAND_TIMEOUT,False
3709.318648707,True,0.0,0.0,COMMAND_TIMEOUT,False
3709.368672522,True,0.0,0.0,COMMAND_TIMEOUT,False
3709.418622041,True,0.0,0.0,COMMAND_TIMEOUT,False
3709.4686348,True,0.0,0.0,COMMAND_TIMEOUT,False
3709.518674134,True,0.0,0.0,COMMAND_TIMEOUT,False
3709.568725208,True,0.0,0.0,COMMAND_TIMEOUT,False
3709.618676578,True,0.0,0.0,COMMAND_TIMEOUT,False
3709.668672005,True,0.0,0.0,COMMAND_TIMEOUT,False
3709.718764282,True,0.0,0.0,COMMAND_TIMEOUT,False
3709.76865982,True,0.0,0.0,COMMAND_TIMEOUT,False
3709.818692413,True,0.0,0.0,COMMAND_TIMEOUT,False
3709.868811135,True,0.0,0.0,COMMAND_TIMEOUT,False
3709.918678432,True,0.0,0.0,COMMAND_TIMEOUT,False
3709.968655117,True,0.0,0.0,COMMAND_TIMEOUT,False
3710.01861234,True,0.0,0.0,COMMAND_TIMEOUT,False
3710.068661914,True,0.0,0.0,COMMAND_TIMEOUT,False
3710.118801433,True,0.0,0.0,COMMAND_TIMEOUT,False
3710.168702822,True,0.0,0.0,COMMAND_TIMEOUT,False
3710.218678156,True,0.0,0.0,COMMAND_TIMEOUT,False
3710.268645489,True,0.0,0.0,COMMAND_TIMEOUT,False
3710.318670267,True,0.0,0.0,COMMAND_TIMEOUT,False
3710.368696823,True,0.0,0.0,COMMAND_TIMEOUT,False
3710.418606046,True,0.0,0.0,COMMAND_TIMEOUT,False
3710.468655712,True,0.0,0.0,COMMAND_TIMEOUT,False
3710.518702602,True,0.0,0.0,COMMAND_TIMEOUT,False
3710.568688491,True,0.0,0.0,COMMAND_TIMEOUT,False
3710.618668787,True,0.0,0.0,COMMAND_TIMEOUT,False
3710.668666399,True,0.0,0.0,COMMAND_TIMEOUT,False
3710.718660417,True,0.0,0.0,COMMAND_TIMEOUT,False
3710.769157158,True,0.0,0.0,COMMAND_TIMEOUT,False
3710.819104399,True,0.0,0.0,COMMAND_TIMEOUT,False
3710.868820714,True,0.0,0.0,COMMAND_TIMEOUT,False
3710.918909529,True,0.0,0.0,COMMAND_TIMEOUT,False
3710.969092362,True,0.0,0.0,COMMAND_TIMEOUT,False
3711.019273788,True,0.0,0.0,COMMAND_TIMEOUT,False
3711.06852079,True,0.0,0.0,COMMAND_TIMEOUT,False
3711.119257585,True,0.0,0.0,COMMAND_TIMEOUT,False
