monotonic_sec,stop,pan_rad_s,tilt_rad_s,reason,serial_opened
6817.498267043,True,0.0,0.0,COMMAND_TIMEOUT,False
6817.548149453,True,0.0,0.0,COMMAND_TIMEOUT,False
6817.59827536,True,0.0,0.0,COMMAND_TIMEOUT,False
6817.601716172,True,0.0,0.0,STOP,False
6817.651320715,True,0.0,0.0,STOP,False
6817.700567039,True,0.0,0.0,STOP,False
6817.751226884,True,0.0,0.0,STOP,False
6817.800775594,True,0.0,0.0,STOP,False
6817.850653337,True,0.0,0.0,STOP,False
6817.90057058,True,0.0,0.0,STOP,False
6817.95188127,True,0.0,0.0,STOP,False
6818.000780728,True,0.0,0.0,STOP,False
6818.05132065,True,0.0,0.0,STOP,False
6818.100679455,True,0.0,0.0,STOP,False
6818.150746974,True,0.0,0.0,STOP,False
6818.201413449,True,0.0,0.0,STOP,False
6818.251513931,True,0.0,0.0,STOP,False
6818.300863181,True,0.0,0.0,STOP,False
6818.351318715,True,0.0,0.0,STOP,False
6818.401242921,True,0.0,0.0,STOP,False
6818.452248855,True,0.0,0.0,STOP,False
6818.468770018,True,0.0,0.0,STOP,False
6818.501478106,True,0.0,0.0,STOP,False
6818.551390164,True,0.0,0.0,STOP,False
6818.55277476,True,0.0,0.0,STOP,False
6818.603584104,True,0.0,0.0,STOP,False
6818.629054442,False,0.0,0.0,ACCEPTED,False
6818.650711342,False,0.0,0.0,ACCEPTED,False
6818.700978711,False,0.0,0.0,ACCEPTED,False
6818.704371191,False,0.0,0.0,ACCEPTED,False
6818.751064526,False,0.0,0.0,ACCEPTED,False
6818.77596113,False,0.0,0.0,ACCEPTED,False
6818.800895771,False,0.0,0.0,ACCEPTED,False
6818.850989049,False,0.0,0.0,ACCEPTED,False
6818.901502785,False,0.0,0.0,ACCEPTED,False
6818.951462639,False,0.0,0.0,ACCEPTED,False
6819.001132441,False,-0.03999999910593033,0.0,ACCEPTED,False
6819.051456069,False,-0.03999999910593033,0.0,ACCEPTED,False
6819.076998222,False,-0.03999999910593033,0.0,ACCEPTED,False
6819.100713784,False,-0.03999999910593033,0.0,ACCEPTED,False
6819.149946184,False,-0.03999999910593033,0.0,ACCEPTED,False
6819.151985605,False,-0.03999999910593033,0.0,ACCEPTED,False
6819.201159746,False,-0.03999999910593033,0.0,ACCEPTED,False
6819.229418923,False,-0.03999999910593033,0.0,ACCEPTED,False
6819.250756271,False,-0.03999999910593033,0.0,ACCEPTED,False
6819.300470277,False,-0.03999999910593033,0.0,ACCEPTED,False
6819.301856687,False,-0.03999999910593033,0.0,ACCEPTED,False
6819.352734883,False,-0.03999999910593033,0.0,ACCEPTED,False
6819.401965634,False,-0.03999999910593033,0.0,ACCEPTED,False
6819.450628041,False,-0.03999999910593033,0.0,ACCEPTED,False
6819.50090891,False,-0.03999999910593033,0.0,ACCEPTED,False
6819.537927894,False,0.03999999910593033,0.0,ACCEPTED,False
6819.830272958,True,0.0,0.0,COMMAND_TIMEOUT,False
6819.831168744,False,0.03999999910593033,0.0,ACCEPTED,False
6819.848640729,False,0.03999999910593033,0.0,ACCEPTED,False
6819.850915777,False,0.03999999910593033,0.0,ACCEPTED,False
6819.903133458,False,0.03999999910593033,0.0,ACCEPTED,False
6819.95084469,False,0.03999999910593033,0.0,ACCEPTED,False
6820.003488588,False,0.03999999910593033,0.0,ACCEPTED,False
6820.053623904,False,0.03999999910593033,0.0,ACCEPTED,False
6820.071103371,False,0.0,0.03999999910593033,ACCEPTED,False
6820.103824719,False,0.0,0.03999999910593033,ACCEPTED,False
6820.1515361,False,0.0,0.03999999910593033,ACCEPTED,False
6820.154725119,False,0.0,0.03999999910593033,ACCEPTED,False
6820.20192921,False,0.0,0.03999999910593033,ACCEPTED,False
6820.228718292,False,0.0,0.03999999910593033,ACCEPTED,False
6820.250626653,False,0.0,0.03999999910593033,ACCEPTED,False
6820.300884024,False,0.0,0.03999999910593033,ACCEPTED,False
6820.30408095,False,0.0,0.03999999910593033,ACCEPTED,False
6820.351668943,False,0.0,0.03999999910593033,ACCEPTED,False
6820.379121426,False,0.0,0.03999999910593033,ACCEPTED,False
6820.400735401,False,0.0,0.03999999910593033,ACCEPTED,False
6820.450811496,False,0.0,0.03999999910593033,ACCEPTED,False
6820.501447213,False,0.0,0.03999999910593033,ACCEPTED,False
6820.550893704,False,0.0,0.03999999910593033,ACCEPTED,False
6820.601124038,False,0.0,0.03999999910593033,ACCEPTED,False
6820.604825903,False,0.0,-0.03999999910593033,ACCEPTED,False
6820.653239146,False,0.0,-0.03999999910593033,ACCEPTED,False
6820.680271504,False,0.0,-0.03999999910593033,ACCEPTED,False
6820.701878831,False,0.0,-0.03999999910593033,ACCEPTED,False
6820.750615607,False,0.0,-0.03999999910593033,ACCEPTED,False
6820.753475926,False,0.0,-0.03999999910593033,ACCEPTED,False
6820.800731183,False,0.0,-0.03999999910593033,ACCEPTED,False
6820.826392667,False,0.0,-0.03999999910593033,ACCEPTED,False
6820.850965479,False,0.0,-0.03999999910593033,ACCEPTED,False
6820.900844557,False,0.0,-0.03999999910593033,ACCEPTED,False
6820.902394318,False,0.0,-0.03999999910593033,ACCEPTED,False
6820.951487368,False,0.0,-0.03999999910593033,ACCEPTED,False
6821.001213226,False,0.0,-0.03999999910593033,ACCEPTED,False
6821.051827648,False,0.0,-0.03999999910593033,ACCEPTED,False
6821.101128123,False,0.0,-0.03999999910593033,ACCEPTED,False
6821.137398635,True,0.0,0.0,STOP,False
6821.150625335,True,0.0,0.0,STOP,False
6821.202885443,True,0.0,0.0,STOP,False
6821.250790414,True,0.0,0.0,STOP,False
6821.301190265,True,0.0,0.0,STOP,False
6821.351092177,True,0.0,0.0,STOP,False
6821.376730958,True,0.0,0.0,STOP,False
6821.401504342,True,0.0,0.0,STOP,False
6821.453741505,True,0.0,0.0,STOP,False
6821.501894697,True,0.0,0.0,STOP,False
6821.551399243,True,0.0,0.0,STOP,False
6821.600909733,True,0.0,0.0,STOP,False
6821.604361823,True,0.0,0.0,STOP,False
6821.651283862,True,0.0,0.0,STOP,False
6821.700898851,True,0.0,0.0,STOP,False
6821.750866022,True,0.0,0.0,STOP,False
6821.802160584,True,0.0,0.0,STOP,False
6821.829405162,False,-0.03999999910593033,0.0,ACCEPTED,False
6821.852077959,False,-0.03999999910593033,0.0,ACCEPTED,False
6821.901599079,False,-0.03999999910593033,0.0,ACCEPTED,False
6821.953614096,False,-0.03999999910593033,0.0,ACCEPTED,False
6822.00094789,False,-0.03999999910593033,0.0,ACCEPTED,False
6822.050919431,False,-0.03999999910593033,0.0,ACCEPTED,False
6822.100934602,False,-0.03999999910593033,0.0,ACCEPTED,False
6822.151219177,False,-0.03999999910593033,0.0,ACCEPTED,False
6822.201758082,False,-0.03999999910593033,0.0,ACCEPTED,False
6822.253269198,False,-0.03999999910593033,0.0,ACCEPTED,False
6822.301124875,False,-0.03999999910593033,0.0,ACCEPTED,False
6822.351159193,True,0.0,0.0,STOP,False
6822.400928219,True,0.0,0.0,STOP,False
6822.451135461,True,0.0,0.0,STOP,False
6822.503375773,True,0.0,0.0,STOP,False
6822.552293863,True,0.0,0.0,STOP,False
6822.600753774,True,0.0,0.0,STOP,False
6822.651689193,True,0.0,0.0,STOP,False
6822.700985575,True,0.0,0.0,STOP,False
6822.750792989,True,0.0,0.0,STOP,False
6823.10293542,True,0.0,0.0,COMMAND_TIMEOUT,False
6823.10388565,False,-0.03999999910593033,0.0,ACCEPTED,False
6823.141418371,False,-0.03999999910593033,0.0,ACCEPTED,False
6823.15095054,False,-0.03999999910593033,0.0,ACCEPTED,False
6823.202282214,False,-0.03999999910593033,0.0,ACCEPTED,False
6823.217770427,False,-0.03999999910593033,0.0,ACCEPTED,False
6823.25169767,False,-0.03999999910593033,0.0,ACCEPTED,False
6823.301665897,False,-0.03999999910593033,0.0,ACCEPTED,False
6823.351922769,False,-0.03999999910593033,0.0,ACCEPTED,False
6823.401839145,False,-0.03999999910593033,0.0,ACCEPTED,False
6823.597932264,True,0.0,0.0,COMMAND_TIMEOUT,False
6823.648437152,True,0.0,0.0,COMMAND_TIMEOUT,False
6823.69862645,True,0.0,0.0,COMMAND_TIMEOUT,False
6823.74828644,True,0.0,0.0,COMMAND_TIMEOUT,False
6823.798259056,True,0.0,0.0,COMMAND_TIMEOUT,False
6823.848983664,True,0.0,0.0,COMMAND_TIMEOUT,False
6823.898602414,True,0.0,0.0,COMMAND_TIMEOUT,False
6823.948477975,True,0.0,0.0,COMMAND_TIMEOUT,False
6823.998584664,True,0.0,0.0,COMMAND_TIMEOUT,False
6824.048246988,True,0.0,0.0,COMMAND_TIMEOUT,False
6824.098466324,True,0.0,0.0,COMMAND_TIMEOUT,False
6824.147896762,True,0.0,0.0,COMMAND_TIMEOUT,False
6824.197817897,True,0.0,0.0,COMMAND_TIMEOUT,False
6824.247806292,True,0.0,0.0,COMMAND_TIMEOUT,False
6824.298419994,True,0.0,0.0,COMMAND_TIMEOUT,False
6824.34790369,True,0.0,0.0,COMMAND_TIMEOUT,False
6824.397815492,True,0.0,0.0,COMMAND_TIMEOUT,False
6824.447933496,True,0.0,0.0,COMMAND_TIMEOUT,False
6824.498163777,True,0.0,0.0,COMMAND_TIMEOUT,False
6824.547948377,True,0.0,0.0,COMMAND_TIMEOUT,False
6824.597961382,True,0.0,0.0,COMMAND_TIMEOUT,False
6824.648231051,True,0.0,0.0,COMMAND_TIMEOUT,False
6824.697988336,True,0.0,0.0,COMMAND_TIMEOUT,False
6824.747942009,True,0.0,0.0,COMMAND_TIMEOUT,False
6824.798086272,True,0.0,0.0,COMMAND_TIMEOUT,False
6824.847994222,True,0.0,0.0,COMMAND_TIMEOUT,False
6824.897921117,True,0.0,0.0,COMMAND_TIMEOUT,False
6824.947984029,True,0.0,0.0,COMMAND_TIMEOUT,False
6824.998904432,True,0.0,0.0,COMMAND_TIMEOUT,False
6825.047975319,True,0.0,0.0,COMMAND_TIMEOUT,False
6825.097930455,True,0.0,0.0,COMMAND_TIMEOUT,False
6825.14806044,True,0.0,0.0,COMMAND_TIMEOUT,False
6825.197999095,True,0.0,0.0,COMMAND_TIMEOUT,False
6825.247980397,True,0.0,0.0,COMMAND_TIMEOUT,False
6825.297952404,True,0.0,0.0,COMMAND_TIMEOUT,False
6825.348081426,True,0.0,0.0,COMMAND_TIMEOUT,False
6825.397953397,True,0.0,0.0,COMMAND_TIMEOUT,False
6825.447933717,True,0.0,0.0,COMMAND_TIMEOUT,False
6825.497964149,True,0.0,0.0,COMMAND_TIMEOUT,False
6825.547945655,True,0.0,0.0,COMMAND_TIMEOUT,False
6825.59796679,True,0.0,0.0,COMMAND_TIMEOUT,False
6825.647954111,True,0.0,0.0,COMMAND_TIMEOUT,False
6825.69792258,True,0.0,0.0,COMMAND_TIMEOUT,False
6825.748183731,True,0.0,0.0,COMMAND_TIMEOUT,False
6825.798891303,True,0.0,0.0,COMMAND_TIMEOUT,False
6825.848126762,True,0.0,0.0,COMMAND_TIMEOUT,False
6825.897934696,True,0.0,0.0,COMMAND_TIMEOUT,False
6825.947891461,True,0.0,0.0,COMMAND_TIMEOUT,False
6825.997913912,True,0.0,0.0,COMMAND_TIMEOUT,False
6826.047961677,True,0.0,0.0,COMMAND_TIMEOUT,False
6826.097897814,True,0.0,0.0,COMMAND_TIMEOUT,False
6826.148225316,True,0.0,0.0,COMMAND_TIMEOUT,False
6826.19831847,True,0.0,0.0,COMMAND_TIMEOUT,False
6826.248272884,True,0.0,0.0,COMMAND_TIMEOUT,False
6826.298344908,True,0.0,0.0,COMMAND_TIMEOUT,False
6826.347996363,True,0.0,0.0,COMMAND_TIMEOUT,False
6826.398376884,True,0.0,0.0,COMMAND_TIMEOUT,False
6826.44794621,True,0.0,0.0,COMMAND_TIMEOUT,False
